id,dur,proto,service,state,spkts,dpkts,sbytes,dbytes,rate,sttl,dttl,sload,dload,sloss,dloss,sinpkt,dinpkt,sjit,djit,swin,stcpb,dtcpb,dwin,tcprtt,synack,ackdat,smean,dmean,trans_depth,response_body_len,ct_srv_src,ct_state_ttl,ct_dst_ltm,ct_src_dport_ltm,ct_dst_sport_ltm,ct_dst_src_ltm,is_ftp_login,ct_ftp_cmd,ct_flw_http_mthd,ct_src_ltm,ct_srv_dst,is_sm_ips_ports,attack_cat,label
43839,0.403153,tcp,http,FIN,10,8,630,354,42.167614,254,252,11251.31152,6151.510742,2,1,43.765222,50.692,3074.277507,106.019,255,875908907,594158076,255,0.093808,0.048298,0.04551,63,44,1,0,12,1,3,3,1,3,0,0,1,3,11,0,Fuzzers,1
41486,0.549203,tcp,-,CON,6,2,998,86,12.745743,62,252,12119.38086,626.362244,2,1,109.8406,0.01,5538.245977,0.0,255,3556001470,3511395856,255,0.31078,0.193943,0.116837,166,43,0,0,4,3,2,2,1,3,0,0,0,2,3,0,Normal,0
55200,1.1e-05,ipv6,-,INT,2,0,200,0,200000.0051,254,0,160000000.0,0.0,0,0,0.005,0.0,0.0,0.0,0,0,0,0,0.0,0.0,0.0,100,0,0,0,23,2,4,4,4,4,0,0,0,6,18,0,Backdoor,1
54952,5e-06,tp++,-,INT,2,0,200,0,90909.0902,254,0,72727272.0,0.0,0,0,0.011,0.0,0.0,0.0,0,0,0,0,0.0,0.0,0.0,100,0,0,0,23,2,6,6,6,6,0,0,0,8,18,0,Analysis,1
51828,0.269653,tcp,http,FIN,10,6,1006,268,55.627048,254,252,26878.99023,6645.578125,2,1,27.707444,48.263398,1360.492067,66.16818,255,2140046805,853247791,255,0.05576,0.028325,0.027435,101,45,1,0,1,1,1,1,1,1,0,0,1,1,1,0,Worms,1
55188,3e-06,isis,-,INT,2,0,200,0,333333.3215,254,0,266666656.0,0.0,0,0,0.003,0.0,0.0,0.0,0,0,0,0,0.0,0.0,0.0,100,0,0,0,13,2,7,6,6,7,0,0,0,10,11,0,Analysis,1
71078,0.945603,tcp,ftp,FIN,22,14,17352,768,37.013418,254,252,140134.9219,6040.589844,8,4,45.028713,66.572234,3200.229882,90.484672,255,3088612075,1855986590,255,0.157256,0.079446,0.07781,789,55,0,0,2,1,1,1,1,2,0,0,0,1,2,0,Normal,0
407,4.490101,udp,dns,INT,116,0,17078,0,25.611897,254,0,30165.91406,0.0,0,0,39.044355,0.0,53.99923,0.0,0,0,0,0,0.0,0.0,0.0,147,0,0,0,2,2,2,2,2,2,0,0,0,4,2,0,Fuzzers,1
59005,0.350092,tcp,-,FIN,8,8,364,968,42.845881,62,252,7289.512695,19354.91211,1,2,50.013144,45.781715,3382.110804,89.967867,255,4050611120,3128427939,255,0.048469,0.028967,0.019502,46,121,0,0,2,1,2,1,1,2,0,0,0,2,2,0,Exploits,1
10018,0.558539,tcp,-,FIN,10,8,1646,354,30.436551,254,252,21226.80859,4440.155762,2,1,62.046444,69.71257,3960.593745,100.97525,255,2430556685,3259923940,255,0.104894,0.070544,0.03435,165,44,0,0,1,1,1,1,1,1,0,0,0,1,1,0,Exploits,1
12666,4e-06,udp,dns,INT,2,0,114,0,250000.0006,254,0,114000000.0,0.0,0,0,0.004,0.0,0.0,0.0,0,0,0,0,0.0,0.0,0.0,57,0,0,0,28,2,5,5,3,28,0,0,0,5,28,0,Generic,1
63001,0.409345,tcp,-,FIN,12,8,3054,732,46.415615,254,252,54721.56641,12527.33008,3,2,37.183999,49.741285,1800.032426,63.660855,255,1133727990,2191434341,255,0.081285,0.061149,0.020136,255,92,0,0,6,1,3,2,1,2,0,0,0,2,8,0,Fuzzers,1
38150,0.124337,tcp,ftp-data,FIN,14,6,8928,320,152.810504,31,29,533453.4375,17179.11719,4,1,9.564385,24.7094,1043.739498,47.26434,255,476759562,487587823,255,0.000714,0.000551,0.000163,638,53,0,0,3,0,5,1,1,3,0,0,0,4,3,0,Normal,0
57955,0.367633,tcp,-,FIN,10,6,2748,268,40.801562,254,252,53836.30078,4874.426758,2,1,40.848111,64.036199,2070.954931,105.80975,255,2170520198,2303615774,255,0.137979,0.04676,0.091219,275,45,0,0,6,1,2,1,1,1,0,0,0,3,1,0,Exploits,1
47088,0.489608,tcp,http,FIN,14,6,8682,268,38.806556,254,252,131729.875,3660.071045,4,1,32.29,88.456602,2140.566103,125.556797,255,4052817148,3536144038,255,0.075372,0.047323,0.028049,620,45,1,0,1,1,1,1,1,1,0,0,1,1,1,0,Worms,1
2535,3e-06,udp,-,INT,2,0,168,0,333333.3215,254,0,224000000.0,0.0,0,0,0.003,0.0,0.0,0.0,0,0,0,0,0.0,0.0,0.0,84,0,0,0,2,2,1,1,1,1,0,0,0,1,1,0,Reconnaissance,1
53855,3e-06,unas,-,INT,2,0,200,0,333333.3215,254,0,266666656.0,0.0,0,0,0.003,0.0,0.0,0.0,0,0,0,0,0.0,0.0,0.0,100,0,0,0,16,2,3,3,3,3,0,0,0,3,16,0,Backdoor,1
57522,0.450282,tcp,-,FIN,10,8,756,354,37.754118,254,252,12099.08398,5507.659668,2,1,48.331111,55.880855,3418.835177,104.761891,255,1036093350,2409173603,255,0.108321,0.059113,0.049208,76,44,0,0,5,1,2,2,1,2,0,0,0,2,6,0,Fuzzers,1
10913,0.625151,tcp,http,FIN,10,8,820,354,27.193431,254,252,9444.118164,3967.041748,2,1,63.030889,80.16643,4192.608198,125.316711,255,555256321,642676720,255,0.121745,0.063977,0.057768,82,44,1,0,2,1,1,1,1,11,0,0,1,2,1,0,Reconnaissance,1
11475,3e-06,udp,-,INT,2,0,170,0,333333.3215,254,0,226666656.0,0.0,0,0,0.003,0.0,0.0,0.0,0,0,0,0,0.0,0.0,0.0,85,0,0,0,2,2,1,1,1,1,0,0,0,1,1,0,DoS,1
1730,0.169067,tcp,-,FIN,10,6,724,268,88.722225,254,252,30851.67578,10599.34863,2,1,17.765444,32.342199,955.576013,57.616785,255,1081979801,1553142192,255,0.051824,0.007347,0.044477,72,45,0,0,1,1,1,1,1,1,0,0,0,1,1,0,Shellcode,1
23713,0.00601,tcp,-,FIN,30,26,3624,5578,9151.414114,31,29,4664226.0,7140099.5,7,7,0.207241,0.2102,11.408644,11.966688,255,2868997847,723915398,255,0.000773,0.000617,0.000156,121,215,0,0,11,0,2,1,1,1,0,0,0,2,7,0,Normal,0
65445,4e-06,udp,-,INT,2,0,168,0,250000.0006,254,0,168000000.0,0.0,0,0,0.004,0.0,0.0,0.0,0,0,0,0,0.0,0.0,0.0,84,0,0,0,1,2,1,1,1,1,0,0,0,1,1,0,Reconnaissance,1
57351,0.398647,tcp,http,FIN,10,6,786,268,37.627273,254,252,14208.05859,4495.205078,2,1,40.486,68.507,2129.12306,107.040664,255,3585258223,2737760802,255,0.129399,0.056107,0.073292,79,45,0,0,1,1,1,1,1,1,0,0,0,1,1,0,Exploits,1
8891,2.008628,tcp,http,FIN,38,204,1988,263696,119.982402,254,252,7710.736328,1045107.438,2,100,54.287245,9.438502,2700.060844,1144.644601,255,1224600597,3064456751,255,0.140677,0.0688,0.071877,52,1293,1,127488,2,1,1,1,1,1,0,0,1,1,1,0,Worms,1
46255,0.566942,tcp,-,FIN,10,8,504,354,29.985432,254,252,6406.299316,4374.345215,2,1,56.549222,69.423141,3765.239038,110.410195,255,1585484429,662214850,255,0.119112,0.080976,0.038136,50,44,0,0,20,1,3,1,1,3,0,0,0,3,9,0,Shellcode,1
62632,1e-05,udp,dns,INT,2,0,114,0,100000.0025,254,0,45600000.0,0.0,0,0,0.01,0.0,0.0,0.0,0,0,0,0,0.0,0.0,0.0,57,0,0,0,7,2,4,4,4,4,0,0,0,5,7,0,Generic,1
52260,1.1e-05,udp,-,INT,2,0,808,0,90909.0902,254,0,293818176.0,0.0,0,0,0.011,0.0,0.0,0.0,0,0,0,0,0.0,0.0,0.0,404,0,0,0,2,2,1,1,1,1,0,0,0,1,1,0,Worms,1
61358,4e-06,udp,dns,INT,2,0,114,0,250000.0006,254,0,114000000.0,0.0,0,0,0.004,0.0,0.0,0.0,0,0,0,0,0.0,0.0,0.0,57,0,0,0,14,2,4,4,4,4,0,0,0,4,14,0,Generic,1
50549,3e-06,udp,-,INT,2,0,244,0,333333.3215,254,0,325333312.0,0.0,0,0,0.003,0.0,0.0,0.0,0,0,0,0,0.0,0.0,0.0,122,0,0,0,1,2,1,1,1,1,0,0,0,1,1,0,Shellcode,1
6701,4e-06,leaf-2,-,INT,2,0,200,0,250000.0006,254,0,200000000.0,0.0,0,0,0.004,0.0,0.0,0.0,0,0,0,0,0.0,0.0,0.0,100,0,0,0,6,2,2,2,2,6,0,0,0,4,6,0,DoS,1
50628,8e-06,udp,dns,INT,2,0,114,0,125000.0003,254,0,57000000.0,0.0,0,0,0.008,0.0,0.0,0.0,0,0,0,0,0.0,0.0,0.0,57,0,0,0,14,2,4,3,3,4,0,0,0,4,14,0,Generic,1
9094,0.604229,tcp,-,FIN,10,8,638,354,28.13503,254,252,7613.007812,4104.404297,2,1,64.786333,73.515859,4143.94782,134.148188,255,4116626847,1200304875,255,0.178765,0.089615,0.08915,64,44,0,0,1,1,1,1,1,2,0,0,0,1,1,0,Shellcode,1
2732,1.05988,tcp,-,FIN,14,10,774,556,21.70057,254,252,5427.029297,3781.560059,4,3,77.090382,108.212,3965.991938,131.101266,255,2605550734,2308000373,255,0.139214,0.085964,0.05325,55,56,0,0,1,1,3,1,1,1,0,0,0,1,1,0,Fuzzers,1
29679,0.490949,tcp,smtp,FIN,52,38,37178,3172,181.281557,31,29,594179.8125,50335.16797,18,8,9.619706,13.255,999.990582,35.037324,255,2322974018,2319741567,255,0.000643,0.000511,0.000132,715,83,0,0,1,0,2,1,1,1,0,0,0,11,1,0,Normal,0
61642,0.806717,tcp,-,FIN,14,12,774,642,30.989803,254,252,7130.133789,5840.958008,4,3,60.985462,67.172367,3817.913953,107.237258,255,2275076527,2870062246,255,0.13472,0.067811,0.066909,55,54,0,0,7,1,2,2,1,2,0,0,0,2,5,0,Fuzzers,1
73932,0.62961,tcp,-,FIN,10,8,578,354,27.000842,254,252,6619.971191,3938.946289,2,1,66.785778,82.029141,4698.956646,121.89175,255,3021448233,927851403,255,0.123031,0.055401,0.06763,58,44,0,0,7,1,1,1,1,6,0,0,0,1,6,0,Normal,0
44487,0.560773,tcp,http,FIN,10,6,1306,268,26.748791,254,252,16776.8418,3195.588867,2,1,62.216222,94.112602,3096.431149,153.794734,255,488399530,924960196,255,0.146868,0.090199,0.056669,131,45,1,0,1,1,1,1,1,1,0,0,1,2,1,0,Worms,1
50576,1.1e-05,micp,-,INT,2,0,200,0,90909.0902,254,0,72727272.0,0.0,0,0,0.011,0.0,0.0,0.0,0,0,0,0,0.0,0.0,0.0,100,0,0,0,8,2,2,2,2,2,0,0,0,9,9,0,Fuzzers,1
19226,3e-06,udp,dns,INT,2,0,114,0,333333.3215,254,0,152000000.0,0.0,0,0,0.003,0.0,0.0,0.0,0,0,0,0,0.0,0.0,0.0,57,0,0,0,19,2,18,18,18,19,0,0,0,18,19,0,Generic,1
80474,0.955283,tcp,-,FIN,10,6,534,268,15.702153,254,252,4028.125732,1875.883911,2,1,103.249,169.775406,6047.895021,288.510063,255,2588497182,1601744454,255,0.217895,0.106405,0.11149,53,45,0,0,2,1,1,1,1,4,0,0,0,2,2,0,Normal,0
31662,0.161482,tcp,-,FIN,96,96,5486,92642,1182.794321,31,29,268958.75,4541781.5,7,42,1.696484,1.694126,94.38785,92.703711,255,894801922,3071278024,255,0.00071,0.000536,0.000174,57,965,0,0,3,0,6,1,1,3,0,0,0,4,2,0,Normal,0
50476,0.214103,tcp,-,FIN,10,6,2296,268,70.059738,254,252,77233.85156,8369.803711,2,1,23.789222,38.598398,1232.155898,72.160711,255,2539317173,3661127427,255,0.065488,0.010723,0.054765,230,45,0,0,1,1,1,1,1,1,0,0,0,1,1,0,Exploits,1
38129,0.390891,tcp,-,FIN,26,30,4632,3080,140.704191,31,29,91155.85156,60947.9375,7,7,15.62172,13.177,877.552094,18.99666,255,758067239,3042655819,255,0.011559,0.008755,0.002804,178,103,0,0,11,0,4,1,1,4,0,0,0,7,7,0,Normal,0
49343,1e-06,rdp,-,INT,2,0,200,0,1000000.003,254,0,800000000.0,0.0,0,0,0.001,0.0,0.0,0.0,0,0,0,0,0.0,0.0,0.0,100,0,0,0,21,2,4,4,4,4,0,0,0,6,16,0,Backdoor,1
7278,8e-06,mtp,-,INT,2,0,200,0,125000.0003,254,0,100000000.0,0.0,0,0,0.008,0.0,0.0,0.0,0,0,0,0,0.0,0.0,0.0,100,0,0,0,6,2,2,2,2,6,0,0,0,11,6,0,DoS,1
5723,4e-06,unas,-,INT,2,0,200,0,250000.0006,254,0,200000000.0,0.0,0,0,0.004,0.0,0.0,0.0,0,0,0,0,0.0,0.0,0.0,100,0,0,0,5,2,2,2,2,5,0,0,0,4,5,0,DoS,1
55337,4e-06,udp,-,INT,2,0,92,0,250000.0006,254,0,92000000.0,0.0,0,0,0.004,0.0,0.0,0.0,0,0,0,0,0.0,0.0,0.0,46,0,0,0,1,2,4,1,1,1,0,0,0,1,15,0,Worms,1
52366,3e-06,unas,-,INT,2,0,200,0,333333.3215,254,0,266666656.0,0.0,0,0,0.003,0.0,0.0,0.0,0,0,0,0,0.0,0.0,0.0,100,0,0,0,11,2,5,4,4,5,0,0,0,8,11,0,Backdoor,1
43835,2e-05,udp,-,INT,2,0,168,0,50000.00126,254,0,33600000.0,0.0,0,0,0.02,0.0,0.0,0.0,0,0,0,0,0.0,0.0,0.0,84,0,0,0,1,2,1,1,1,1,0,0,0,1,1,0,Reconnaissance,1
55519,4e-06,unas,-,INT,2,0,200,0,250000.0006,254,0,200000000.0,0.0,0,0,0.004,0.0,0.0,0.0,0,0,0,0,0.0,0.0,0.0,100,0,0,0,10,2,2,2,2,2,0,0,0,2,9,0,Backdoor,1
62797,0.680026,tcp,-,FIN,10,10,836,1166,27.940108,62,252,8858.485352,12352.46875,2,2,75.558444,68.758891,4759.529523,114.746906,255,3372606953,3933965920,255,0.121024,0.060477,0.060547,84,117,0,0,10,1,1,1,1,1,0,0,0,2,5,0,Analysis,1
14700,3e-06,udp,dns,INT,2,0,114,0,333333.3215,254,0,152000000.0,0.0,0,0,0.003,0.0,0.0,0.0,0,0,0,0,0.0,0.0,0.0,57,0,0,0,34,2,18,18,18,34,0,0,0,18,34,0,Generic,1
5605,4e-06,unas,-,INT,2,0,200,0,250000.0006,254,0,200000000.0,0.0,0,0,0.004,0.0,0.0,0.0,0,0,0,0,0.0,0.0,0.0,100,0,0,0,9,2,3,3,3,10,0,0,0,9,9,0,Exploits,1
31312,0.013558,tcp,-,FIN,16,18,1540,1644,2433.987255,31,29,852043.0625,916359.3125,4,4,0.871067,0.770588,60.449281,1.386657,255,1310027604,3461573558,255,0.000576,0.000455,0.000121,96,91,0,0,6,0,9,6,1,6,0,0,0,8,15,0,Normal,0
58742,1.1e-05,ttp,-,INT,2,0,200,0,100000.0025,254,0,80000000.0,0.0,0,0,0.01,0.0,0.0,0.0,0,0,0,0,0.0,0.0,0.0,100,0,0,0,10,2,4,4,4,4,0,0,0,4,10,0,Backdoor,1
55620,7e-06,unas,-,INT,2,0,200,0,142857.1409,254,0,114285712.0,0.0,0,0,0.007,0.0,0.0,0.0,0,0,0,0,0.0,0.0,0.0,100,0,0,0,10,2,2,2,2,2,0,0,0,6,9,0,Analysis,1
11108,9e-06,udp,-,INT,2,0,168,0,111111.1072,254,0,74666664.0,0.0,0,0,0.009,0.0,0.0,0.0,0,0,0,0,0.0,0.0,0.0,84,0,0,0,2,2,1,1,1,1,0,0,0,1,1,0,Reconnaissance,1
26110,0.01844,tcp,-,FIN,16,18,1540,1644,1789.587783,31,29,626464.1875,673752.6875,4,4,1.208133,1.055706,72.976788,2.151108,255,1247839655,3398132101,255,0.000619,0.000487,0.000132,96,91,0,0,15,0,7,6,1,6,0,0,0,8,13,0,Normal,0
57026,0.648563,tcp,-,FIN,10,6,756,268,23.128053,254,252,8400.108398,2763.031494,2,1,72.062556,101.252,3591.186287,178.524219,255,3926809625,2924549319,255,0.149774,0.11078,0.038994,76,45,0,0,3,1,2,1,1,1,0,0,0,1,5,0,Fuzzers,1
50584,4e-06,udp,-,INT,2,0,104,0,250000.0006,254,0,104000000.0,0.0,0,0,0.004,0.0,0.0,0.0,0,0,0,0,0.0,0.0,0.0,52,0,0,0,21,2,2,2,1,2,0,0,0,6,5,0,Fuzzers,1
2567,8e-06,sctp,-,INT,2,0,200,0,125000.0003,254,0,100000000.0,0.0,0,0,0.008,0.0,0.0,0.0,0,0,0,0,0.0,0.0,0.0,100,0,0,0,5,2,2,2,2,5,0,0,0,2,5,0,DoS,1
22226,2e-06,udp,dns,INT,2,0,114,0,500000.0013,254,0,228000000.0,0.0,0,0,0.002,0.0,0.0,0.0,0,0,0,0,0.0,0.0,0.0,57,0,0,0,36,2,18,18,18,36,0,0,0,19,36,0,Generic,1
50978,0.998172,tcp,-,FIN,10,8,564,354,17.031133,254,252,4071.442627,2484.541748,2,1,110.895111,132.760719,7239.981344,192.696078,255,2157140568,958385491,255,0.11272,0.068846,0.043874,56,44,0,0,2,1,1,1,1,1,0,0,0,1,1,0,Reconnaissance,1
53219,7e-06,unas,-,INT,2,0,200,0,142857.1409,254,0,114285712.0,0.0,0,0,0.007,0.0,0.0,0.0,0,0,0,0,0.0,0.0,0.0,100,0,0,0,10,2,2,2,2,2,0,0,0,4,9,0,Backdoor,1
50087,0.315213,tcp,http,FIN,10,6,1302,268,47.586871,254,252,29744.9668,5685.044922,2,1,28.554111,59.245199,1657.568439,81.730828,255,2993197197,4128834020,255,0.068144,0.018976,0.049168,130,45,1,0,1,1,1,1,1,1,0,0,1,1,3,0,Worms,1
8793,0.689624,tcp,http,FIN,10,6,1302,268,21.750983,254,252,13595.81445,2598.517334,2,1,67.247333,123.945602,3623.624485,183.511219,255,2713458037,1858762884,255,0.103933,0.069892,0.034041,130,45,1,0,1,1,1,1,1,1,0,0,1,1,1,0,Worms,1
7681,9e-06,unas,-,INT,2,0,200,0,111111.1072,254,0,88888888.0,0.0,0,0,0.009,0.0,0.0,0.0,0,0,0,0,0.0,0.0,0.0,100,0,0,0,7,2,2,2,2,7,0,0,0,11,7,0,DoS,1
822,4.23501,tcp,http,FIN,46,236,2314,308456,66.351671,254,252,4276.730957,580209.25,2,116,94.089292,17.785219,4511.060777,2129.54145,255,3840933853,1541394341,255,0.206742,0.108835,0.097907,50,1307,1,149237,1,1,1,1,1,1,0,0,1,1,1,0,Worms,1
61960,0.904052,tcp,-,FIN,10,8,564,354,18.804228,254,252,4495.316406,2743.205078,2,1,97.673556,120.317,6860.897248,168.765031,255,2339685439,2455718638,255,0.130418,0.061826,0.068592,56,44,0,0,3,1,1,1,1,1,0,0,0,1,1,0,Reconnaissance,1
52740,1e-05,udp,-,INT,2,0,104,0,100000.0025,254,0,41600000.0,0.0,0,0,0.01,0.0,0.0,0.0,0,0,0,0,0.0,0.0,0.0,52,0,0,0,6,2,2,1,1,1,0,0,0,2,5,0,Fuzzers,1
20211,8e-06,udp,dns,INT,2,0,114,0,125000.0003,254,0,57000000.0,0.0,0,0,0.008,0.0,0.0,0.0,0,0,0,0,0.0,0.0,0.0,57,0,0,0,35,2,18,18,18,35,0,0,0,19,35,0,Generic,1
44356,1.600236,tcp,ftp,FIN,12,12,634,682,14.372879,254,252,2909.570801,3129.53833,3,4,145.390903,141.553094,10046.32299,272.067219,255,1755973900,2246546995,255,0.08016,0.043148,0.037012,53,57,0,0,2,1,4,1,1,4,0,0,0,4,2,0,Fuzzers,1
54827,5e-06,ddp,-,INT,2,0,200,0,200000.0051,254,0,160000000.0,0.0,0,0,0.005,0.0,0.0,0.0,0,0,0,0,0.0,0.0,0.0,100,0,0,0,23,2,6,6,6,6,0,0,0,8,18,0,Backdoor,1
29506,0.001072,udp,dns,CON,2,2,146,178,2798.507427,31,29,544776.125,664179.125,0,0,0.004,0.008,0.0,0.0,0,0,0,0,0.0,0.0,0.0,73,89,0,0,6,0,1,1,1,1,0,0,0,2,3,0,Normal,0
21864,9e-06,udp,dns,INT,2,0,114,0,111111.1072,254,0,50666664.0,0.0,0,0,0.009,0.0,0.0,0.0,0,0,0,0,0.0,0.0,0.0,57,0,0,0,33,2,6,6,6,33,0,0,0,6,33,0,Generic,1
56304,1.586423,tcp,-,FIN,10,8,2062,354,10.715931,254,252,9359.419922,1563.265259,2,1,174.467444,205.866141,10258.75037,313.629781,255,2863552281,4284758568,255,0.26212,0.145354,0.116766,206,44,0,0,2,1,1,1,1,1,0,0,0,1,3,0,Fuzzers,1
2550,9e-06,unas,-,INT,2,0,200,0,111111.1072,254,0,88888888.0,0.0,0,0,0.009,0.0,0.0,0.0,0,0,0,0,0.0,0.0,0.0,100,0,0,0,7,2,4,3,3,7,0,0,0,6,7,0,DoS,1
49403,5e-06,ggp,-,INT,2,0,180,0,90909.0902,254,0,65454544.0,0.0,0,0,0.011,0.0,0.0,0.0,0,0,0,0,0.0,0.0,0.0,90,0,0,0,5,2,4,5,4,4,0,0,0,5,5,0,Analysis,1
50834,1.1e-05,unas,-,INT,2,0,200,0,90909.0902,254,0,72727272.0,0.0,0,0,0.011,0.0,0.0,0.0,0,0,0,0,0.0,0.0,0.0,100,0,0,0,7,2,5,4,4,5,0,0,0,8,7,0,Analysis,1
44135,3e-06,udp,-,INT,2,0,168,0,333333.3215,254,0,224000000.0,0.0,0,0,0.003,0.0,0.0,0.0,0,0,0,0,0.0,0.0,0.0,84,0,0,0,5,2,1,1,1,1,0,0,0,3,1,0,Reconnaissance,1
1585,0.180308,tcp,-,FIN,10,6,576,268,83.190985,254,252,23027.26367,9938.549805,2,1,18.459889,34.711602,987.533817,59.360254,255,922241102,3982262460,255,0.054735,0.006747,0.047988,58,45,0,0,1,1,1,1,1,1,0,0,0,1,1,0,Shellcode,1
3663,0.678688,tcp,http,FIN,10,6,1306,268,22.101467,254,252,13862.04004,2640.388672,2,1,71.071667,114.114398,3585.672173,175.462531,255,94971482,1211350451,255,0.187901,0.10811,0.079791,131,45,1,0,1,1,1,1,1,1,0,0,1,2,1,0,Worms,1
6482,0.390372,tcp,http,FIN,14,6,8682,268,48.671523,254,252,165216.7656,4590.493164,4,1,24.145231,70.977797,1517.354638,95.391852,255,2048442348,1642264782,255,0.072417,0.035482,0.036935,620,45,1,0,1,1,1,1,1,1,0,0,1,1,1,0,Worms,1
49302,0.715794,tcp,http,FIN,16,46,1082,49515,85.220046,62,252,11344.0459,541373.625,2,20,47.719599,14.845311,3058.117498,1870.638522,255,2507769909,1345765867,255,0.083123,0.036808,0.046315,68,1076,1,23556,1,1,1,1,1,1,0,0,1,1,1,0,Exploits,1
4618,5e-06,larp,-,INT,2,0,200,0,200000.0051,254,0,160000000.0,0.0,0,0,0.005,0.0,0.0,0.0,0,0,0,0,0.0,0.0,0.0,100,0,0,0,6,2,2,2,2,6,0,0,0,11,6,0,Exploits,1
58112,1e-05,unas,-,INT,2,0,200,0,100000.0025,254,0,80000000.0,0.0,0,0,0.01,0.0,0.0,0.0,0,0,0,0,0.0,0.0,0.0,100,0,0,0,11,2,3,2,2,3,0,0,0,6,11,0,Backdoor,1
48525,1.752092,tcp,-,FIN,10,8,564,354,9.702687,254,252,2319.512939,1415.450806,2,1,191.819556,244.463422,12679.53537,369.094875,255,4143991083,3024358855,255,0.091237,0.040844,0.050393,56,44,0,0,1,1,1,1,1,1,0,0,0,1,4,0,Reconnaissance,1
4641,3e-06,etherip,-,INT,2,0,200,0,333333.3215,254,0,266666656.0,0.0,0,0,0.003,0.0,0.0,0.0,0,0,0,0,0.0,0.0,0.0,100,0,0,0,5,2,2,2,2,5,0,0,0,11,5,0,DoS,1
5228,7e-06,unas,-,INT,2,0,200,0,142857.1409,254,0,114285712.0,0.0,0,0,0.007,0.0,0.0,0.0,0,0,0,0,0.0,0.0,0.0,100,0,0,0,9,2,4,4,4,9,0,0,0,13,9,0,DoS,1
48560,0.859072,tcp,-,FIN,10,8,696,354,19.788795,254,252,5838.858398,2886.835938,2,1,93.160333,114.23557,5599.117001,231.334984,255,541586408,436678879,255,0.078939,0.059412,0.019527,70,44,0,0,19,1,1,1,1,1,0,0,0,5,1,0,Shellcode,1
45695,0.792162,tcp,-,FIN,12,8,1106,708,23.984993,254,252,10240.33008,6261.345703,3,2,71.93173,102.740859,3679.31356,152.70625,255,4146161846,1517062718,255,0.14489,0.072974,0.071916,92,89,0,0,13,1,3,3,3,3,0,0,0,7,7,0,Fuzzers,1
58437,0.66957,tcp,-,FIN,10,8,840,1224,25.389428,62,252,9032.662109,12796.27148,2,2,74.396667,85.234,3633.960396,139.010719,255,4199647050,654544405,255,0.172245,0.072921,0.099324,84,153,0,0,6,1,1,1,1,1,0,0,0,1,4,0,Analysis,1
55879,3e-06,unas,-,INT,2,0,200,0,333333.3215,254,0,266666656.0,0.0,0,0,0.003,0.0,0.0,0.0,0,0,0,0,0.0,0.0,0.0,100,0,0,0,15,2,8,8,8,8,0,0,0,8,14,0,Fuzzers,1
992,6e-06,udp,-,INT,2,0,256,0,166666.6608,254,0,170666656.0,0.0,0,0,0.006,0.0,0.0,0.0,0,0,0,0,0.0,0.0,0.0,128,0,0,0,2,2,1,1,1,1,0,0,0,1,1,0,Shellcode,1
43727,0.799244,tcp,-,FIN,10,8,564,354,21.270101,254,252,5084.805176,3102.932373,2,1,84.512444,101.745,5734.656785,141.565016,255,2062707701,3049194384,255,0.144078,0.087025,0.057053,56,44,0,0,1,1,1,1,1,1,0,0,0,1,1,0,Reconnaissance,1
7334,2e-06,cphb,-,INT,2,0,200,0,500000.0013,254,0,400000000.0,0.0,0,0,0.002,0.0,0.0,0.0,0,0,0,0,0.0,0.0,0.0,100,0,0,0,6,2,2,2,2,7,0,0,0,2,6,0,Exploits,1
49004,1e-05,udp,-,INT,2,0,196,0,100000.0025,254,0,78400000.0,0.0,0,0,0.01,0.0,0.0,0.0,0,0,0,0,0.0,0.0,0.0,98,0,0,0,9,2,1,1,1,1,0,0,0,4,1,0,Shellcode,1
14983,9e-06,udp,dns,INT,2,0,114,0,111111.1072,254,0,50666664.0,0.0,0,0,0.009,0.0,0.0,0.0,0,0,0,0,0.0,0.0,0.0,57,0,0,0,25,2,26,25,25,25,0,0,0,25,25,0,Generic,1
52449,1.1e-05,scps,-,INT,2,0,200,0,90909.0902,254,0,72727272.0,0.0,0,0,0.011,0.0,0.0,0.0,0,0,0,0,0.0,0.0,0.0,100,0,0,0,9,2,7,6,6,6,0,0,0,13,9,0,Analysis,1
18845,8e-06,udp,dns,INT,2,0,114,0,125000.0003,254,0,57000000.0,0.0,0,0,0.008,0.0,0.0,0.0,0,0,0,0,0.0,0.0,0.0,57,0,0,0,26,2,17,17,17,26,0,0,0,18,26,0,Generic,1
60401,1.756135,tcp,-,FIN,46,22,31355,1842,38.151965,62,252,139734.1406,8013.05127,17,8,39.025223,81.23257,3113.062423,129.70457,255,2703186408,2822649427,255,0.073189,0.049548,0.023641,682,84,0,0,2,1,1,1,1,1,0,0,0,1,2,0,Exploits,1
41962,1.294713,tcp,-,FIN,10,8,2516,354,13.130323,254,252,13995.37988,1915.482422,2,1,138.245333,161.629281,8199.124833,220.409328,255,316644120,1805180067,255,0.252262,0.163305,0.088957,252,44,0,0,2,1,1,1,1,2,0,0,0,2,2,0,Normal,0
49757,0.53483,tcp,-,FIN,10,6,644,268,28.046296,254,252,8675.654297,3350.597656,2,1,59.425556,82.997398,3008.45914,123.096961,255,4228601375,1530529682,255,0.207335,0.11909,0.088245,64,45,0,0,1,1,2,1,1,1,0,0,0,1,8,0,Shellcode,1
53416,7e-06,unas,-,INT,2,0,200,0,142857.1409,254,0,114285712.0,0.0,0,0,0.007,0.0,0.0,0.0,0,0,0,0,0.0,0.0,0.0,100,0,0,0,11,2,5,4,4,5,0,0,0,5,11,0,Backdoor,1
61549,0.721151,tcp,-,FIN,10,8,842,1218,23.573427,62,252,8408.780273,11825.54004,2,2,80.127889,90.333141,3934.60566,149.143547,255,2427962573,1076270380,255,0.175212,0.088088,0.087124,84,152,0,0,4,1,1,1,1,1,0,0,0,1,4,0,Analysis,1
50069,1.038991,cbt,-,INT,4,0,360,0,2.887417,254,0,2078.940186,0.0,0,0,346.330344,0.0,489.773031,0.0,0,0,0,0,0.0,0.0,0.0,90,0,0,0,8,2,5,4,4,4,0,0,0,4,6,0,Backdoor,1
4804,8e-06,unas,-,INT,2,0,200,0,125000.0003,254,0,100000000.0,0.0,0,0,0.008,0.0,0.0,0.0,0,0,0,0,0.0,0.0,0.0,100,0,0,0,5,2,2,2,2,5,0,0,0,5,5,0,DoS,1
11890,0.194463,tcp,http,FIN,10,6,1008,268,77.135496,254,252,37354.14844,9215.121094,2,1,20.113111,37.591801,1091.098856,65.628969,255,3931597807,3403072932,255,0.0523,0.006495,0.045805,101,45,1,0,1,1,1,1,1,1,0,0,1,1,1,0,Exploits,1
63065,1.1e-05,udp,-,INT,2,0,176,0,90909.0902,254,0,64000000.0,0.0,0,0,0.011,0.0,0.0,0.0,0,0,0,0,0.0,0.0,0.0,88,0,0,0,4,2,1,1,1,1,0,0,0,1,3,0,Shellcode,1
17333,6e-06,udp,dns,INT,2,0,114,0,166666.6608,254,0,76000000.0,0.0,0,0,0.006,0.0,0.0,0.0,0,0,0,0,0.0,0.0,0.0,57,0,0,0,51,2,42,42,24,51,0,0,0,42,51,0,Generic,1
2766,8e-06,unas,-,INT,2,0,200,0,125000.0003,254,0,100000000.0,0.0,0,0,0.008,0.0,0.0,0.0,0,0,0,0,0.0,0.0,0.0,100,0,0,0,5,2,3,2,2,5,0,0,0,11,5,0,DoS,1
45915,0.342264,tcp,-,FIN,10,6,546,268,43.825819,254,252,11499.89453,5235.724609,2,1,36.348222,55.466398,1944.148497,94.025156,255,1179140976,1954981723,255,0.117064,0.064924,0.05214,55,45,0,0,10,1,3,3,1,3,0,0,0,3,10,0,Fuzzers,1
61624,5e-06,udp,-,INT,2,0,338,0,200000.0051,254,0,270400000.0,0.0,0,0,0.005,0.0,0.0,0.0,0,0,0,0,0.0,0.0,0.0,169,0,0,0,1,2,2,1,1,1,0,0,0,1,2,0,Shellcode,1
3635,5e-06,unas,-,INT,2,0,200,0,200000.0051,254,0,160000000.0,0.0,0,0,0.005,0.0,0.0,0.0,0,0,0,0,0.0,0.0,0.0,100,0,0,0,5,2,2,2,2,5,0,0,0,2,5,0,DoS,1
44574,4e-06,udp,-,INT,2,0,168,0,250000.0006,254,0,168000000.0,0.0,0,0,0.004,0.0,0.0,0.0,0,0,0,0,0.0,0.0,0.0,84,0,0,0,1,2,1,1,1,1,0,0,0,1,1,0,Reconnaissance,1
8078,8e-06,unas,-,INT,2,0,200,0,125000.0003,254,0,100000000.0,0.0,0,0,0.008,0.0,0.0,0.0,0,0,0,0,0.0,0.0,0.0,100,0,0,0,9,2,5,5,5,9,0,0,0,15,9,0,DoS,1
5747,2.3e-05,udp,-,INT,2,0,188,0,43478.25991,254,0,32695652.0,0.0,0,0,0.023,0.0,0.0,0.0,0,0,0,0,0.0,0.0,0.0,94,0,0,0,9,2,1,1,1,1,0,0,0,4,1,0,Shellcode,1
9614,8e-06,gre,-,INT,2,0,156,0,125000.0003,254,0,78000000.0,0.0,0,0,0.008,0.0,0.0,0.0,0,0,0,0,0.0,0.0,0.0,78,0,0,0,1,2,1,1,1,4,0,0,0,3,1,0,DoS,1
48941,8e-06,tcf,-,INT,2,0,200,0,125000.0003,254,0,100000000.0,0.0,0,0,0.008,0.0,0.0,0.0,0,0,0,0,0.0,0.0,0.0,100,0,0,0,15,2,7,6,6,7,0,0,0,9,12,0,Analysis,1
52497,22.635181,ospf,-,INT,28,0,12832,0,1.192833,254,0,4373.369141,0.0,0,0,838.34,0.0,967.26,0.0,0,0,0,0,0.0,0.0,0.0,458,0,0,0,2,2,2,2,2,2,0,0,0,2,2,0,DoS,1
55562,4e-06,unas,-,INT,2,0,200,0,250000.0006,254,0,200000000.0,0.0,0,0,0.004,0.0,0.0,0.0,0,0,0,0,0.0,0.0,0.0,100,0,0,0,10,2,2,2,2,2,0,0,0,6,9,0,Backdoor,1
49980,7e-06,unas,-,INT,2,0,200,0,142857.1409,254,0,114285712.0,0.0,0,0,0.007,0.0,0.0,0.0,0,0,0,0,0.0,0.0,0.0,100,0,0,0,16,2,5,4,4,5,0,0,0,9,16,0,Analysis,1
10690,0.344051,tcp,http,FIN,10,6,1296,268,43.598187,254,252,27135.51172,5208.530273,2,1,36.186111,62.513801,1919.077426,105.955047,255,1127049042,905114555,255,0.106057,0.031473,0.074584,130,45,1,0,1,1,1,1,1,1,0,0,1,1,1,0,Worms,1
77536,1.1e-05,udp,-,INT,2,0,1064,0,90909.0902,254,0,386909088.0,0.0,0,0,0.011,0.0,0.0,0.0,0,0,0,0,0.0,0.0,0.0,532,0,0,0,40,2,6,6,1,40,0,0,0,6,40,0,Normal,0
1522,1.212039,tcp,smtp,FIN,20,20,2724,1858,32.177183,62,252,17081.95898,11656.39063,7,8,63.791528,59.415316,3080.432975,68.897141,255,2302651151,2847967659,255,0.104709,0.082496,0.022213,136,93,0,0,1,1,1,1,1,2,0,0,0,2,1,0,Exploits,1
52372,1.1e-05,a/n,-,INT,2,0,200,0,250000.0006,254,0,200000000.0,0.0,0,0,0.004,0.0,0.0,0.0,0,0,0,0,0.0,0.0,0.0,100,0,0,0,9,2,7,6,6,6,0,0,0,13,9,0,Analysis,1
18306,5e-06,udp,dns,INT,2,0,114,0,200000.0051,254,0,91200000.0,0.0,0,0,0.005,0.0,0.0,0.0,0,0,0,0,0.0,0.0,0.0,57,0,0,0,41,2,34,34,16,41,0,0,0,34,41,0,Generic,1
14239,9e-06,udp,dns,INT,2,0,114,0,111111.1072,254,0,50666664.0,0.0,0,0,0.009,0.0,0.0,0.0,0,0,0,0,0.0,0.0,0.0,57,0,0,0,26,2,25,25,25,26,0,0,0,25,26,0,Generic,1
9727,1.077015,tcp,-,FIN,10,8,564,354,15.784366,254,252,3773.39209,2302.6604,2,1,116.317556,143.084719,7070.369763,202.732906,255,3596750725,3508078523,255,0.166972,0.075415,0.091557,56,44,0,0,1,1,1,1,1,1,0,0,0,1,1,0,Reconnaissance,1
4307,8e-06,l2tp,-,INT,2,0,200,0,125000.0003,254,0,100000000.0,0.0,0,0,0.008,0.0,0.0,0.0,0,0,0,0,0.0,0.0,0.0,100,0,0,0,3,2,2,2,2,3,0,0,0,2,3,0,Analysis,1
56217,1e-06,mhrp,-,INT,2,0,200,0,90909.0902,254,0,72727272.0,0.0,0,0,0.011,0.0,0.0,0.0,0,0,0,0,0.0,0.0,0.0,100,0,0,0,12,2,6,6,6,6,0,0,0,6,12,0,Analysis,1
63289,1.3e-05,udp,-,INT,2,0,2632,0,76923.07779,254,0,809846144.0,0.0,0,0,0.013,0.0,0.0,0.0,0,0,0,0,0.0,0.0,0.0,1316,0,0,0,1,2,1,1,1,1,0,0,0,1,2,0,DoS,1
47056,3.260964,tcp,-,FIN,10,8,564,354,5.213182,254,252,1246.257324,760.511353,2,1,358.937333,452.552844,23424.52235,780.182812,255,1757162007,1607422407,255,0.158881,0.093092,0.065789,56,44,0,0,2,1,3,1,1,1,0,0,0,1,1,0,Reconnaissance,1
58335,9e-06,udp,dns,INT,2,0,114,0,111111.1072,254,0,50666664.0,0.0,0,0,0.009,0.0,0.0,0.0,0,0,0,0,0.0,0.0,0.0,57,0,0,0,10,2,3,3,3,3,0,0,0,3,10,0,Generic,1
49696,5e-06,ipnip,-,INT,2,0,180,0,250000.0006,254,0,180000000.0,0.0,0,0,0.004,0.0,0.0,0.0,0,0,0,0,0.0,0.0,0.0,90,0,0,0,5,2,4,5,4,4,0,0,0,5,5,0,Backdoor,1
65044,3e-06,udp,-,INT,2,0,154,0,333333.3215,254,0,205333328.0,0.0,0,0,0.003,0.0,0.0,0.0,0,0,0,0,0.0,0.0,0.0,77,0,0,0,2,2,1,1,1,1,0,0,0,2,1,0,Shellcode,1
30670,0.00801,tcp,-,FIN,22,14,1470,1728,4369.538083,31,29,1402247.25,1602996.25,5,4,0.381429,0.510769,26.880695,0.720028,255,1477508454,3627997802,255,0.000777,0.00064,0.000137,67,123,0,0,5,0,1,1,1,1,0,0,0,2,8,0,Normal,0
11472,0.796534,tcp,http,FIN,10,8,1296,354,21.342466,254,252,11720.78027,3113.489258,2,1,88.392556,103.41557,5089.784871,176.667234,255,2138625795,1026828012,255,0.13926,0.072619,0.066641,130,44,1,0,5,1,1,2,1,1,0,0,1,2,1,0,Worms,1
56108,3e-06,unas,-,INT,2,0,200,0,142857.1409,254,0,114285712.0,0.0,0,0,0.007,0.0,0.0,0.0,0,0,0,0,0.0,0.0,0.0,100,0,0,0,15,2,8,8,8,8,0,0,0,8,14,0,Exploits,1
63783,8e-06,unas,-,INT,2,0,200,0,62500.00016,254,0,50000000.0,0.0,0,0,0.016,0.0,0.0,0.0,0,0,0,0,0.0,0.0,0.0,100,0,0,0,10,2,6,6,6,6,0,0,0,10,10,0,Backdoor,1
4083,5e-06,unas,-,INT,2,0,200,0,200000.0051,254,0,160000000.0,0.0,0,0,0.005,0.0,0.0,0.0,0,0,0,0,0.0,0.0,0.0,100,0,0,0,2,2,2,2,2,2,0,0,0,2,2,0,Reconnaissance,1
54061,4e-06,unas,-,INT,2,0,200,0,90909.0902,254,0,72727272.0,0.0,0,0,0.011,0.0,0.0,0.0,0,0,0,0,0.0,0.0,0.0,100,0,0,0,15,2,6,6,6,6,0,0,0,11,15,0,Backdoor,1
10066,1.033678,tcp,-,FIN,10,8,564,354,16.446126,254,252,3931.591553,2399.199707,2,1,112.373444,164.192828,6719.894455,238.654344,255,3884036270,3509389863,255,0.136859,0.048517,0.088342,56,44,0,0,2,1,1,1,1,1,0,0,0,2,1,0,Reconnaissance,1
46677,0.23462,tcp,-,FIN,10,6,1142,268,63.933167,254,252,35052.42578,7637.882324,2,1,26.068889,44.845398,1236.778735,64.445562,255,508461891,293218139,255,0.05812,0.009326,0.048794,114,45,0,0,2,1,1,1,1,1,0,0,0,1,1,0,Shellcode,1
8621,4e-06,udp,-,INT,2,0,254,0,250000.0006,254,0,254000000.0,0.0,0,0,0.004,0.0,0.0,0.0,0,0,0,0,0.0,0.0,0.0,127,0,0,0,7,2,3,1,1,7,0,0,0,3,7,0,Shellcode,1
26502,0.001786,udp,-,CON,4,4,520,304,3919.372947,31,29,1746920.5,1021276.625,0,0,0.450667,0.234667,0.630975,0.322679,0,0,0,0,0.0,0.0,0.0,130,76,0,0,11,0,4,1,1,3,0,0,0,3,3,0,Normal,0
59796,2.095087,tcp,http,FIN,38,204,2004,263720,115.03102,254,252,7453.628418,1002070.063,2,100,56.623971,9.804177,2715.093495,1200.314438,255,496428052,4288672859,255,0.157886,0.104189,0.053697,53,1293,1,127488,4,1,1,2,1,1,0,0,1,3,1,0,Worms,1
49963,0.249238,tcp,http,FIN,10,8,1370,1798,68.207898,62,252,39576.62891,50521.99219,2,2,27.693111,31.456428,1439.1401,55.293906,255,1983590022,4274931574,255,0.054518,0.007413,0.047105,137,225,1,350,1,1,1,1,1,1,0,0,1,1,1,0,Generic,1
6709,0.748402,tcp,-,FIN,10,8,564,354,22.715065,254,252,5430.236816,3313.727051,2,1,83.155778,105.00757,5735.608864,144.491281,255,1442917653,2723817631,255,0.047698,0.012439,0.035259,56,44,0,0,1,1,1,1,1,1,0,0,0,1,1,0,Reconnaissance,1
43985,3.99375,tcp,http,FIN,48,236,2416,308476,70.860718,254,252,4739.405273,615299.375,2,116,84.973407,16.561085,4002.976879,1923.690198,255,2507864534,1188416310,255,0.217738,0.101218,0.11652,50,1307,0,0,1,1,1,1,1,1,0,0,0,1,2,0,Worms,1
3638,0.846604,tcp,smtp,FIN,20,20,2704,1684,46.066402,62,252,24275.8125,15119.22949,7,8,44.558104,44.101684,2107.77779,49.51682,255,2555072725,476853393,255,0.057186,0.007965,0.049221,135,84,0,0,1,1,1,1,1,1,0,0,0,1,1,0,Exploits,1
60472,0.552026,tcp,-,FIN,8,8,364,374,27.172634,254,252,4622.970703,4753.399414,1,2,78.750286,69.303859,4668.684806,105.64468,255,3489713151,3645006572,255,0.110711,0.066888,0.043823,46,47,0,0,1,1,1,1,1,1,0,0,0,1,1,0,Backdoor,1
59637,0.526913,tcp,-,FIN,10,8,826,1314,32.263392,62,252,11295.98242,17460.1875,2,2,58.545889,68.556,3171.552419,120.103117,255,1419503640,1120603336,255,0.116995,0.045892,0.071103,83,164,0,0,6,1,2,2,1,2,0,0,0,2,5,0,Analysis,1
48588,0.476089,tcp,http,FIN,10,6,1296,268,31.506714,254,252,19609.7793,3764.002197,2,1,52.898778,75.371797,2719.321673,140.007906,255,3908003714,4284050677,255,0.104906,0.070645,0.034261,130,45,0,0,1,1,1,1,1,1,0,0,0,7,1,0,Worms,1
9884,0.305553,tcp,http,FIN,10,8,786,2278,55.636831,62,252,18536.88281,52206.98438,2,2,33.926778,39.302715,1657.763676,48.338434,255,2022454798,1470163715,255,0.044844,0.030428,0.014416,79,285,1,741,1,1,1,1,1,1,0,0,1,8,1,0,Exploits,1
44897,0.544761,tcp,http,FIN,10,6,1282,268,27.535011,254,252,16946.88086,3289.515869,2,1,58.176889,89.090203,3011.273709,139.396953,255,2560477079,1214634508,255,0.157189,0.099303,0.057886,128,45,1,0,1,1,1,1,1,1,0,0,1,1,1,0,Worms,1
49108,3e-06,leaf-1,-,INT,2,0,200,0,333333.3215,254,0,266666656.0,0.0,0,0,0.003,0.0,0.0,0.0,0,0,0,0,0.0,0.0,0.0,100,0,0,0,21,2,4,4,4,4,0,0,0,5,16,0,Fuzzers,1
58415,4e-06,udp,dns,INT,2,0,114,0,250000.0006,254,0,114000000.0,0.0,0,0,0.004,0.0,0.0,0.0,0,0,0,0,0.0,0.0,0.0,57,0,0,0,10,2,7,7,4,7,0,0,0,7,10,0,Generic,1
59307,0.409117,tcp,http,FIN,10,6,934,268,36.664327,254,252,16445.17383,4380.165039,2,1,41.873778,73.723203,2025.710543,94.283125,255,1257575314,344345446,255,0.093809,0.040493,0.053316,93,45,1,0,1,1,1,1,1,1,0,0,1,5,1,0,Reconnaissance,1
55627,1.9e-05,unas,-,INT,2,0,200,0,125000.0003,254,0,100000000.0,0.0,0,0,0.008,0.0,0.0,0.0,0,0,0,0,0.0,0.0,0.0,100,0,0,0,10,2,4,4,4,4,0,0,0,11,10,0,Analysis,1
65681,0.545339,tcp,-,FIN,12,10,1130,804,38.508158,254,252,15197.88672,10620.91699,3,2,49.040181,55.016777,3480.428029,100.043914,255,3159921947,642235779,255,0.095906,0.050178,0.045728,94,80,0,0,8,1,2,2,1,2,0,0,0,2,8,0,Fuzzers,1
63430,0.556154,tcp,-,FIN,10,6,1296,268,26.970946,254,252,16786.7168,3222.12915,2,1,58.261,91.630602,3131.494886,137.110156,255,2022114637,3163237599,255,0.230332,0.098,0.132332,130,45,0,0,4,1,1,1,1,1,0,0,0,1,1,0,Worms,1
55269,1.006398,tcp,-,FIN,10,6,534,268,14.904641,254,252,3823.537109,1780.607788,2,1,105.153556,174.744797,5690.135372,289.313719,255,3596285794,357808765,255,0.205282,0.132667,0.072615,53,45,0,0,6,1,1,1,1,1,0,0,0,2,3,0,Fuzzers,1
27012,0.132404,tcp,-,FIN,84,86,4862,77276,1276.396488,31,29,290323.5625,4614845.5,7,36,1.590867,1.550871,0.0,85.427669,255,1871070374,1893982215,255,0.000719,0.000577,0.000142,58,899,0,0,9,0,1,1,1,1,0,0,0,1,7,0,Normal,0
63116,0.656466,tcp,-,FIN,10,8,838,1322,25.896238,62,252,9200.78125,14099.74023,2,2,72.940667,83.869,3886.96544,157.875453,255,2792856589,680810996,255,0.165437,0.05666,0.108777,84,165,0,0,5,1,3,2,1,2,0,0,0,2,9,0,Analysis,1
56302,7e-06,ipcomp,-,INT,2,0,200,0,142857.1409,254,0,114285712.0,0.0,0,0,0.007,0.0,0.0,0.0,0,0,0,0,0.0,0.0,0.0,100,0,0,0,14,2,5,5,5,5,0,0,0,5,13,0,Backdoor,1
49053,0.213747,tcp,-,FIN,10,6,628,268,70.176425,254,252,21183.92383,8383.743164,2,1,21.396556,40.454602,1124.125261,63.745566,255,3472413741,3657482761,255,0.06804,0.011463,0.056577,63,45,0,0,1,1,1,1,1,1,0,0,0,1,1,0,Shellcode,1
52872,25.090731,ospf,-,INT,42,0,2184,0,1.63407,254,0,679.772949,0.0,0,0,611.969125,0.0,713.159188,0.0,0,0,0,0,0.0,0.0,0.0,52,0,0,0,2,2,2,2,2,2,0,0,0,2,2,0,Backdoor,1
21182,3e-06,udp,dns,INT,2,0,114,0,333333.3215,254,0,152000000.0,0.0,0,0,0.003,0.0,0.0,0.0,0,0,0,0,0.0,0.0,0.0,57,0,0,0,32,2,25,25,25,32,0,0,0,25,32,0,Generic,1
6465,0.784778,tcp,-,FIN,10,8,564,354,21.662177,254,252,5178.534668,3160.129395,2,1,87.197556,103.439289,6137.2718,149.583016,255,3925227518,1982580047,255,0.100136,0.0448,0.055336,56,44,0,0,2,1,1,1,1,1,0,0,0,1,1,0,Reconnaissance,1
7328,5e-06,unas,-,INT,2,0,200,0,200000.0051,254,0,160000000.0,0.0,0,0,0.005,0.0,0.0,0.0,0,0,0,0,0.0,0.0,0.0,100,0,0,0,5,2,4,3,3,6,0,0,0,21,5,0,DoS,1
53301,1e-05,wb-expak,-,INT,2,0,200,0,100000.0025,254,0,80000000.0,0.0,0,0,0.01,0.0,0.0,0.0,0,0,0,0,0.0,0.0,0.0,100,0,0,0,12,2,4,4,4,4,0,0,0,5,12,0,Exploits,1
7731,9e-06,unas,-,INT,2,0,200,0,111111.1072,254,0,88888888.0,0.0,0,0,0.009,0.0,0.0,0.0,0,0,0,0,0.0,0.0,0.0,100,0,0,0,7,2,3,3,3,7,0,0,0,12,7,0,DoS,1
53900,3e-06,unas,-,INT,2,0,200,0,100000.0025,254,0,80000000.0,0.0,0,0,0.01,0.0,0.0,0.0,0,0,0,0,0.0,0.0,0.0,100,0,0,0,16,2,3,3,3,3,0,0,0,3,16,0,Analysis,1
53134,1.1e-05,unas,-,INT,2,0,200,0,90909.0902,254,0,72727272.0,0.0,0,0,0.011,0.0,0.0,0.0,0,0,0,0,0.0,0.0,0.0,100,0,0,0,11,2,2,2,2,2,0,0,0,5,11,0,Analysis,1
8954,1.5e-05,udp,dns,INT,2,0,166,0,66666.66835,254,0,44266668.0,0.0,0,0,0.015,0.0,0.0,0.0,0,0,0,0,0.0,0.0,0.0,83,0,0,0,1,2,2,1,1,1,0,0,0,1,1,0,DoS,1
43830,0.242566,tcp,http,FIN,12,18,918,17716,119.555088,62,252,27769.76172,551833.3125,2,7,21.961364,13.744882,1278.086694,1248.905768,255,3297371730,3026381783,255,0.019902,0.008892,0.01101,77,984,1,0,2,1,2,1,1,1,0,0,1,1,2,0,Exploits,1
60409,0.742507,tcp,-,FIN,10,10,822,1238,25.588985,62,252,7972.98877,12013.35547,2,2,82.400889,76.245781,5704.814888,117.251891,255,2060923372,2188546065,255,0.102479,0.05629,0.046189,82,124,0,0,5,1,2,1,1,1,0,0,0,1,9,0,Analysis,1
44845,0.665135,tcp,-,FIN,10,6,520,268,22.551812,254,252,5628.932129,2694.189697,2,1,70.017444,110.979,3669.137469,164.337734,255,2547097071,872353479,255,0.238031,0.11023,0.127801,52,45,0,0,2,1,1,1,1,1,0,0,0,1,2,0,Shellcode,1
72506,3e-06,udp,-,INT,2,0,78,0,333333.3215,254,0,104000000.0,0.0,0,0,0.003,0.0,0.0,0.0,0,0,0,0,0.0,0.0,0.0,39,0,0,0,14,2,3,4,1,6,0,0,0,4,7,0,Normal,0
66192,10.867534,tcp,-,REQ,8,0,360,0,0.64412,254,0,231.883347,0.0,7,0,1552.504875,0.0,3182.94675,0.0,255,0,0,0,0.0,0.0,0.0,45,0,0,0,49,6,22,2,2,48,0,0,0,23,48,0,Normal,0
64453,9e-06,udp,-,INT,2,0,182,0,111111.1072,254,0,80888888.0,0.0,0,0,0.009,0.0,0.0,0.0,0,0,0,0,0.0,0.0,0.0,91,0,0,0,2,2,2,1,1,1,0,0,0,1,3,0,Shellcode,1
46597,0.243449,tcp,http,FIN,12,16,2626,13386,110.906185,254,252,79129.50781,412406.6875,3,6,20.233273,15.848067,1104.471734,1325.591186,255,1422537745,1272526642,255,0.054057,0.00572,0.048337,219,837,1,6070,2,1,1,1,1,1,0,0,1,1,1,0,Exploits,1
53540,1e-06,udp,-,INT,2,0,312,0,1000000.003,254,0,1248000000.0,0.0,0,0,0.001,0.0,0.0,0.0,0,0,0,0,0.0,0.0,0.0,156,0,0,0,10,2,1,1,1,1,0,0,0,6,2,0,Shellcode,1
71636,0.814416,tcp,-,FIN,14,12,816,678,30.696843,254,252,7445.826172,6109.899902,4,4,62.647385,61.542184,3083.503638,90.123594,255,2376694134,3958215659,255,0.200233,0.11857,0.081663,58,57,0,0,5,1,2,2,2,5,0,0,0,2,5,0,Normal,0
64977,0.467584,tcp,-,FIN,10,6,1724,268,32.079796,62,252,26553.51758,3832.466309,2,1,45.557333,76.300203,2391.409635,108.821695,255,264215794,2726339169,255,0.150689,0.086076,0.064613,172,45,0,0,1,1,1,1,1,1,0,0,0,1,1,0,DoS,1
19363,5e-06,udp,dns,INT,2,0,114,0,200000.0051,254,0,91200000.0,0.0,0,0,0.005,0.0,0.0,0.0,0,0,0,0,0.0,0.0,0.0,57,0,0,0,28,2,12,12,12,28,0,0,0,12,28,0,Generic,1
4957,0.484564,tcp,-,FIN,14,14,790,816,55.720193,254,252,12118.11035,12514.34277,4,5,37.274153,30.767231,1888.137821,1582.680918,255,3532240546,1983435123,255,0.088176,0.068162,0.020014,56,58,0,0,5,1,1,1,1,5,0,0,0,1,5,0,Fuzzers,1
50066,0.739823,tcp,http,FIN,8,6,1216,268,17.571771,254,252,11505.45508,2422.200928,2,1,101.854141,131.869797,5793.876025,204.438234,255,4222385157,3491480088,255,0.080467,0.080467,0.0,152,45,0,0,1,1,1,1,1,1,0,0,0,1,1,0,Exploits,1
48702,5e-06,dcn,-,INT,2,0,200,0,200000.0051,254,0,160000000.0,0.0,0,0,0.005,0.0,0.0,0.0,0,0,0,0,0.0,0.0,0.0,100,0,0,0,6,2,7,6,6,6,0,0,0,6,6,0,Backdoor,1
6102,0.660717,tcp,-,FIN,10,8,564,354,25.729624,254,252,6150.893555,3753.498047,2,1,73.413,93.317859,5417.622782,135.556719,255,2915786971,1898744263,255,0.051377,0.006837,0.04454,56,44,0,0,1,1,1,1,1,1,0,0,0,1,1,0,Reconnaissance,1
6668,5.566142,tcp,http,FIN,64,376,3114,482584,78.869708,254,252,4406.642578,691755.25,2,185,88.351463,14.691118,4387.322053,1946.498734,255,2449907520,1243303547,255,0.153739,0.071058,0.082681,49,1283,1,233472,3,1,1,3,1,2,0,0,1,3,1,0,Worms,1
61069,9e-06,udp,-,INT,2,0,1064,0,111111.1072,254,0,472888864.0,0.0,0,0,0.009,0.0,0.0,0.0,0,0,0,0,0.0,0.0,0.0,532,0,0,0,3,2,1,1,1,1,0,0,0,1,3,0,Fuzzers,1
61228,1.1e-05,udp,dns,INT,2,0,114,0,90909.0902,254,0,41454544.0,0.0,0,0,0.011,0.0,0.0,0.0,0,0,0,0,0.0,0.0,0.0,57,0,0,0,6,2,3,3,3,3,0,0,0,3,6,0,Generic,1
4311,0.180841,tcp,http,FIN,10,6,1004,268,82.945793,254,252,39990.92969,9909.257812,2,1,18.482,34.941602,993.755412,59.985371,255,1018987028,4185222044,255,0.050523,0.006131,0.044392,100,45,1,0,1,1,1,1,1,1,0,0,1,1,1,0,Reconnaissance,1
47976,0.489425,tcp,-,FIN,10,6,1698,268,30.648209,254,252,24992.59375,3661.439453,2,1,50.77,78.249797,2633.817125,110.58343,255,1791999210,3211993796,255,0.168351,0.098174,0.070177,170,45,0,0,7,1,1,1,1,1,0,0,0,2,1,0,Exploits,1
49407,5e-06,ggp,-,INT,2,0,180,0,90909.0902,254,0,65454544.0,0.0,0,0,0.011,0.0,0.0,0.0,0,0,0,0,0.0,0.0,0.0,90,0,0,0,5,2,4,5,4,4,0,0,0,5,5,0,Backdoor,1
1112,0.196822,tcp,http,FIN,10,6,1022,268,76.210992,254,252,37394.19141,9104.672852,2,1,20.148333,36.926398,1068.815062,61.553535,255,2705486571,623528626,255,0.064706,0.012189,0.052517,102,45,1,0,1,1,1,1,1,1,0,0,1,1,1,0,Worms,1
4845,0.23476,tcp,-,FIN,10,6,552,268,63.895041,254,252,16936.44531,7633.327637,2,1,23.184111,42.495602,1202.812436,58.823371,255,210432582,3668440829,255,0.053457,0.022277,0.03118,55,45,0,0,1,1,1,1,1,2,0,0,0,1,2,0,Shellcode,1
